lastname,firstname,middlename,title,party,state,gender,twitter_idAckerman,Gary,L.,Rep,D,NY,M,repgaryackermanAdams,Sandra,,Rep,R,FL,F,RepSandyAdamsAderholt,Robert,B.,Rep,R,AL,M,Robert_AderholtAkin,W. Todd,,Rep,R,MO,M,ToddAkinAlexander,Lamar,,Sen,R,TN,M,senalexanderAlexander,Rodney,M.,Rep,R,LA,M,USRepAlexanderAltmire,Jason,,Rep,D,PA,M,RepJasonAltmireAmash,Justin,,Rep,R,MI,M,repjustinamashAustria,Steven,,Rep,R,OH,M,SteveAustriaAyotte,Kelly,A ,Sen,R,NH,F,SenatorAyotteBaca,Joe,,Rep,D,CA,M,BacaCA43Bachmann,Michele,,Rep,R,MN,F,MicheleBachmannBachus,Spencer,,Rep,R,AL,M,BachusAL06Baldwin,Tammy,,Rep,D,WI,F,RepTammyBaldwinBarletta,Lou,,Rep,R,PA,M,RepLouBarlettaBarrasso,John,,Sen,R,WY,M,SenJohnBarrassoBarrow,John,,Rep,D,GA,M,repjohnbarrowBarton,Joe,Linus,Rep,R,TX,M,RepJoeBartonBass,Charles,,Rep,R,NH,M,RepCharlesBassBass,Karen,,Rep,D,CA,F,RepKarenBassBecerra,Xavier,,Rep,D,CA,M,repbecerraBegich,Mark,,Sen,D,AK,M,SenatorBegichBenishek,Dan,,Rep,R,MI,M,CongressmanDanBennet,Michael,,Sen,D,CO,M,SenBennetCoBerg,Rick,,Rep,R,ND,M,RepRickBergBerkley,Shelley,,Rep,D,NV,F,repberkleyBerman,Howard,L.,Rep,D,CA,M,RepHowardBermanBiggert,Judy,,Rep,R,IL,F,JudyBiggertBilbray,Brian,P.,Rep,R,CA,M,BilbrayCA50Bilirakis,Gus,Michael,Rep,R,FL,M,RepGusBilirakisBishop,Sanford,D.,Rep,D,GA,M,SanfordBishopBlack,Diane,,Rep,R,TN,F,dianeblacktn06Blackburn,Marsha,,Rep,R,TN,F,MarshaBlackburnBlumenauer,Earl,,Rep,D,OR,M,blumenauermediaBlunt,Roy,,Sen,R,MO,M,RoyBluntBoehner,John,A.,Rep,R,OH,M,SpeakerBoehnerBonner,Josiah,Robins,Rep,R,AL,M,repjobonnerBono Mack,Mary,Whitaker,Rep,R,CA,F,MaryBonoMackBoozman,John,N.,Sen,R,AR,M,JohnBoozmanBoswell,Leonard,L.,Rep,D,IA,M,LeonardBoswellBoustany,Charles,,Rep,R,LA,M,RepBoustanyBoxer,Barbara,,Sen,D,CA,F,senatorboxerBrady,Kevin,P.,Rep,R,TX,M,RepKevinBradyBrady,Robert,A.,Rep,D,PA,M,RepBradyBraley,Bruce,,Rep,D,IA,M,brucebraleyBrooks,Mo,,Rep,R,AL,M,RepMoBrooksBroun,Paul,C.,Rep,R,GA,M,RepPaulBrounMDBrown,Scott,P.,Sen,R,MA,M,USSenScottBrownBrown,Sherrod,C.,Sen,D,OH,M,SenSherrodBrownBuchanan,Vern,,Rep,R,FL,M,VernBuchananBucshon,Larry,,Rep,R,IN,M,RepLarryBucshonBuerkle,Ann,,Rep,R,NY,F,RepBuerkleBurgess,Michael,C.,Rep,R,TX,M,michaelcburgessBurr,Richard,M.,Sen,R,NC,M,senatorburrBurton,Dan,L.,Rep,R,IN,M,RepDanBurtonCalvert,Ken,S.,Rep,R,CA,M,KenCalvertCamp,David,Lee,Rep,R,MI,M,RepDaveCampCampbell,John,B.T.,Rep,R,CA,M,RepJohnCampbellCanseco,Francisco,,Rep,R,TX,M,RepCansecoCantor,Eric,I.,Rep,R,VA,M,gopleaderCantwell,Maria,,Sen,D,WA,F,US_Sen_CantwellCapito,Shelley,Moore,Rep,R,WV,F,RepShelleyCardin,Benjamin,L.,Sen,D,MD,M,SenatorCardinCardoza,Dennis,A.,Rep,D,CA,M,RepCardozaCarnahan,John,Russell,Rep,D,MO,M,RepCarnahanCarper,Thomas,Richard,Sen,D,DE,M,SenatorCarperCarter,John,R.,Rep,R,TX,M,JudgeCarterChabot,Steven,J.,Rep,R,OH,M,RepSteveChabotChaffetz,Jason,,Rep,R,UT,M,jasoninthehouseChristensen,Donna,,Del,D,VI,F,DelegateDonnaChu,Judy,M.,Rep,D,CA,F,RepJudyChuClarke,Hansen,,Rep,D,MI,M,hansenclarkeClarke,Yvette,D.,Rep,D,NY,F,YvetteClarkeCleaver,Emanuel,,Rep,D,MO,M,repcleaverClyburn,James,E.,Rep,D,SC,M,clyburnCoats,Daniel,,Sen,R,IN,M,sendancoatsCoburn,Thomas,Allen,Sen,R,OK,M,TomCoburnCoffman,Mike,,Rep,R,CO,M,RepMikeCoffmanCohen,Steve,,Rep,D,TN,M,repcohenCollins,Susan,M.,Sen,R,ME,F,senatorcollinsConyers,John,,Rep,D,MI,M,repjohnconyersCooper,Jim,,Rep,D,TN,M,repjimcooperCorker,Bob,,Sen,R,TN,M,SenBobCorkerCornyn,John,,Sen,R,TX,M,JohnCornynCostello,Jerry,F.,Rep,D,IL,M,jerrycostelloCourtney,Joseph,D.,Rep,D,CT,M,connecticutjoeCravaack,Chip,,Rep,R,MN,M,RepChipCravaackCrawford,Rick,,Rep,R,AR,M,RepRickCrawfordCrenshaw,Ander,,Rep,R,FL,M,AnderCrenshawCritz,Mark,S.,Rep,D,PA,M,RepMarkCritzCrowley,Joseph,,Rep,D,NY,M,repjoecrowleyCuellar,Henry,,Rep,D,TX,M,RepCuellarCulberson,John,A.,Rep,R,TX,M,congculbersonDavis,Geoff,,Rep,R,KY,M,RepGeoffDavisDeFazio,Peter,A.,Rep,D,OR,M,RepPeterDeFazioDeGette,Diana,L.,Rep,D,CO,F,RepDianaDeGetteDeLauro,Rosa,L.,Rep,D,CT,F,rosadelauroDeMint,Jim,W.,Sen,R,SC,M,JimDeMintDenham,Jeff,,Rep,R,CA,M,RepJeffDenhamDesJarlais,Scott,,Rep,R,TN,M,tndesjarlaisDeutch,Ted,,Rep,D,FL,M,repteddeutchDiaz-Balart,Mario,,Rep,R,FL,M,MarioDBDicks,Norman,D.,Rep,D,WA,M,RepNormDicksDingell,John,D.,Rep,D,MI,M,john_dingellDoggett,Lloyd,A.,Rep,D,TX,M,RepLloydDoggettDold,Robert,,Rep,R,IL,M,RepDoldDonnelly,Joe,,Rep,D,IN,M,RepDonnellyDoyle,Michael,F.,Rep,D,PA,M,USRepMikeDoyleDuffy,Sean,,Rep,R,WI,M,RepSeanDuffyDurbin,Richard,J.,Sen,D,IL,M,SenatorDurbinEdwards,Donna,,Rep,D,MD,F,repdonnaedwardsEllison,Keith,M.,Rep,D,MN,M,keithellisonEllmers,Renee,,Rep,R,NC,F,RepReneeEllmersEnsign,John,Eric,Sen,R,NV,M,SenEnsignEshoo,Anna,G.,Rep,D,CA,F,RepAnnaEshooFarr,Sam,,Rep,D,CA,M,RepSamFarrFattah,Chaka,,Rep,D,PA,M,chakafattahFilner,Bob,,Rep,D,CA,M,CongBobFilnerFincher,Stephen,,Rep,R,TN,M,RepFincherTN08Fitzpatrick,Michael,,Rep,R,PA,M,RepFitzpatrickFlake,Jeff,,Rep,R,AZ,M,JeffFlakeFleischmann,Chuck,,Rep,R,TN,M,RepChuckFleming,John,,Rep,R,LA,M,RepFlemingFlores,Bill,,Rep,R,TX,M,RepFloresForbes,James,Randy,Rep,R,VA,M,Randy_ForbesFortenberry,Jeff,,Rep,R,NE,M,JeffFortenberryFoxx,Virginia,Ann,Rep,R,NC,F,virginiafoxxFranks,Trent,,Rep,R,AZ,M,RepTrentFranksFrelinghuysen,Rodney,P.,Rep,R,NJ,M,RodneyforNJFudge,Marcia,L.,Rep,D,OH,F,marciafudgeGallegly,Elton,W.,Rep,R,CA,M,eltongallegly24Garamendi,John,,Rep,D,CA,M,garamendica10Gardner,Cory,,Rep,R,CO,M,RepCoryGerlach,Jim,,Rep,R,PA,M,JimGerlachGibbs,Bob,,Rep,R,OH,M,Bob_gibbsGibson,Christopher,,Rep,R,NY,M,RepChrisGibsonGiffords,Gabrielle,,Rep,D,AZ,F,Rep_GiffordsGillibrand,Kirsten,E.,Sen,D,NY,F,SenGillibrandGingrey,Phil,,Rep,R,GA,M,RepPhilGingreyGohmert,Louis,,Rep,R,TX,M,replouiegohmertGoodlatte,Robert,W.,Rep,R,VA,M,RepGoodlatteGosar,Paul,,Rep,R,AZ,M,RepGosarGraham,Lindsey,O.,Sen,R,SC,M,GrahamBlogGranger,Kay,,Rep,R,TX,F,RepKayGrangerGrassley,Charles,E.,Sen,R,IA,M,ChuckGrassleyGraves,John,Thomas,Rep,R,GA,M,reptomgravesGreen,Al,,Rep,D,TX,M,RepAlGreenGreen,Raymond,Eugene,Rep,D,TX,M,RepGeneGreenGriffin,Tim,,Rep,R,AR,M,RepTimGriffinGriffith,Morgan,,Rep,R,VA,M,RepMGriffithGrijalva,Raul,M.,Rep,D,AZ,M,repraulgrijalvaGuinta,Frank,,Rep,R,NH,M,frankguintaGutierrez,Luis,V.,Rep,D,IL,M,repgutierrezHagan,Kay,R.,Sen,D,NC,F,SenatorHaganHanabusa,Colleen,,Rep,D,HI,F,colleenhanabusaHanna,Richard,,Rep,R,NY,M,RepRichardHannaHarkin,Thomas,,Sen,D,IA,M,SenatorHarkinHarman,Jane,,Rep,D,CA,F,RepJaneHarmanHarper,Gregg,,Rep,R,MS,M,GreggHarperHartzler,Vicky,,Rep,R,MO,F,RepHartzlerHatch,Orrin,G.,Sen,R,UT,M,OrrinHatchHayworth,Nan,,Rep,R,NY,F,RepNanHayworthHeck,Joe,,Rep,R,NV,M,heck4nevadaHeller,Dean,,Rep,R,NV,M,DeanHellerHensarling,Jeb,,Rep,R,TX,M,RepHensarlingHerrera,Jaime,,Rep,R,WA,F,herrerabeutlerHiggins,Brian,M.,Rep,D,NY,M,RepBrianHigginsHimes,Jim,,Rep,D,CT,M,jahimesHinchey,Maurice,D.,Rep,D,NY,M,mauricehincheyHinojosa,Ruben,E.,Rep,D,TX,M,USRepRHinojosaHirono,Mazie,K.,Rep,D,HI,F,maziehironoHolden,Tim,,Rep,D,PA,M,RepTimHoldenHolt,Rush,D.,Rep,D,NJ,M,rushholtHonda,Michael,M.,Rep,D,CA,M,RepMikeHondaHoyer,Steny,H.,Rep,D,MD,M,leaderhoyerHuelskamp,Tim,,Rep,R,KS,M,conghuelskampHuizenga,Bill,,Rep,R,MI,M,rephuizengaHultgren,Randy,,Rep,R,IL,M,randyhultgrenHurt,Robert,,Rep,R,VA,M,RepRobertHurtHutchison,Kay,Bailey,Sen,R,TX,F,kaybaileyhutchInhofe,James,M.,Sen,R,OK,M,jiminhofeInouye,Daniel,K.,Sen,D,HI,M,daniel_inouyeIsrael,Steve,J.,Rep,D,NY,M,RepSteveIsraelIssa,Darrell,,Rep,R,CA,M,DarrellIssaJackson Lee,Sheila,,Rep,D,TX,F,JacksonLeeTX18Jenkins,Lynn,M.,Rep,R,KS,F,RepLynnJenkinsJohanns,Mike,O.,Sen,R,NE,M,Mike_JohannsJohnson,Bill,,Rep,R,OH,M,repbilljohnsonJohnson,Eddie,Bernice,Rep,D,TX,F,RepEBJJohnson,Henry,C.,Rep,D,GA,M,RepHankJohnsonJohnson,Ron,,Sen,R,WI,M,SenRonJohnsonJohnson,Tim,P.,Sen,D,SD,M,SenJohnsonSDJohnson,Timothy,V.,Rep,R,IL,M,RepTimJohnsonJones,Walter,Beaman,Rep,R,NC,M,RepWalterJonesJordan,James,,Rep,R,OH,M,Jim_JordanKeating,Bill,,Rep,D,MA,M,USRep_KeatingKerry,John,Forbes,Sen,D,MA,M,JohnKerryKind,Ronald,James,Rep,D,WI,M,repronkindKing,Peter,T.,Rep,R,NY,M,RepPeteKingKing,Steve,A.,Rep,R,IA,M,SteveKingPressKingston,Jack,,Rep,R,GA,M,JackKingstonKinzinger,Adam,,Rep,R,IL,M,RepKinzingerKirk,Mark,Steven,Sen,R,IL,M,markkirkKline,John,P.,Rep,R,MN,M,repjohnklineKucinich,Dennis,J.,Rep,D,OH,M,Dennis_KucinichKyl,Jon,,Sen,R,AZ,M,senjonkylLabrador,Raul,,Rep,R,ID,M,Raul_LabradorLandry,Jeff,,Rep,R,LA,M,repjefflandryLangevin,James,R.,Rep,D,RI,M,jimlangevinLankford,James,,Rep,R,OK,M,replankfordLarsen,Rick,,Rep,D,WA,M,larsenrickLarson,John,B.,Rep,D,CT,M,repjohnlarsonLatham,Thomas,P.,Rep,R,IA,M,TomLathamLaTourette,Steven,C.,Rep,R,OH,M,LaTourette14Latta,Robert,Edward,Rep,R,OH,M,boblattaLautenberg,Frank,R.,Sen,D,NJ,M,franklautenbergLeahy,Patrick,J.,Sen,D,VT,M,SenatorLeahyLee,Christopher,J.,Rep,R,NY,M,chrislee_ny26Levin,Sander,M.,Rep,D,MI,M,repsandylevinLewis,Jerry,,Rep,R,CA,M,RepJerryLewisLewis,John,R.,Rep,D,GA,M,RepJohnLewisLieberman,Joseph,I.,Sen,I,CT,M,JoeLiebermanLoBiondo,Frank,A.,Rep,R,NJ,M,RepLoBiondoLong,Billy,,Rep,R,MO,M,BillyLongMO7Lowey,Nita,M.,Rep,D,NY,F,NitaLoweyLugar,Richard,G.,Sen,R,IN,M,senatorlugarLujan,Ben,Ray,Rep,D,NM,M,repbenraylujanLummis,Cynthia,M.,Rep,R,WY,F,CynthiaLummisMack,Connie,,Rep,R,FL,M,RepConnieMackMaloney,Carolyn,B.,Rep,D,NY,F,carolynbmaloneyManchin,Joe,,Sen,D,WV,M,Sen_JoeManchinManzullo,Donald,A.,Rep,R,IL,M,donmanzulloMarchant,Kenny,E.,Rep,R,TX,M,RepKenMarchantMarino,Thomas,,Rep,R,PA,M,RepTomMarinoMarkey,Edward,J.,Rep,D,MA,M,markeymemoMatheson,Jim,,Rep,D,UT,M,RepJimMathesonMatsui,Doris,O.,Rep,D,CA,F,DorisMatsuiMcCain,John,Sidney,Sen,R,AZ,M,SenJohnMcCainMcCarthy,Carolyn,,Rep,D,NY,F,RepMcCarthyNYMcCarthy,Kevin,,Rep,R,CA,M,GOPWhipMcCaskill,Claire,,Sen,D,MO,F,clairecmcMcCaul,Michael,T.,Rep,R,TX,M,McCaulPressShopMcClintock,Tom,,Rep,R,CA,M,RepMcClintockMcCotter,Thaddeus,G.,Rep,R,MI,M,ThadMcCotterMcDermott,James,A.,Rep,D,WA,M,RepJimMcDermottMcGovern,James,P.,Rep,D,MA,M,RepMcGovernMcHenry,Patrick,T.,Rep,R,NC,M,PatrickMcHenryMcIntyre,Mike,,Rep,D,NC,M,repmikemcintyreMcKeon,Howard,P.,Rep,R,CA,M,BuckMcKeonMcKinley,David,,Rep,R,WV,M,RepMcKinleyMcMorris-Rodgers,Cathy,,Rep,R,WA,F,cathymcmorrisMcNerney,Gerald,,Rep,D,CA,M,jerrymcnerneyMeehan,Patrick,,Rep,R,PA,M,patmeehanpaMeeks,Gregory,W.,Rep,D,NY,M,GregoryMeeksMenendez,Robert,,Sen,D,NJ,M,SenatorMenendezMerkley,Jeffery,A.,Sen,D,OR,M,SenJeffMerkleyMichaud,Michael,H.,Rep,D,ME,M,RepMikeMichaudMikulski,Barbara,A.,Sen,D,MD,F,senatorbarbMiller,Candice,S.,Rep,R,MI,F,CandiceMillerMiller,Gary,G.,Rep,R,CA,M,repgarymillerMiller,George,,Rep,D,CA,M,askgeorgeMiller,Jeff,,Rep,R,FL,M,CongJeffMillerMoore,Gwendolynne,S.,Rep,D,WI,F,RepGwenMooreMoran,James,P.,Rep,D,VA,M,Jim_MoranMoran,Jerry,,Sen,R,KS,M,JerryMoranMulvaney,John ,Michael,Rep,R,SC,M,mickmulvaneyMurkowski,Lisa,A.,Sen,R,AK,F,lisamurkowskiMurphy,Tim,,Rep,R,PA,M,RepTimMurphyMyrick,Sue,W.,Rep,R,NC,F,SueMyrickNapolitano,Grace,Flores,Rep,D,CA,F,gracenapolitanoNelson,Bill,,Sen,D,FL,M,SenBillNelsonNelson,E. Benjamin,,Sen,D,NE,M,SenBenNelsonNeugebauer,Randy,,Rep,R,TX,M,RandyNeugebauerNoem,Kristi,,Rep,R,SD,F,repkristinoemNorton,Eleanor,Holmes,Del,D,DC,F,EleanorNortonNugent,Richard,,Rep,R,FL,M,RepRichNugentNunes,Devin,G.,Rep,R,CA,M,devinnunesNunnelee,Patrick,Alan,Rep,R,MS,M,AlanNunneleeOlson,Pete,,Rep,R,TX,M,OlsonPressShopOwens,Bill,,Rep,D,NY,M,BillOwensNYPalazzo,Steven,,Rep,R,MS,M,StevenPalazzoPallone,Frank,J.,Rep,D,NJ,M,FrankPallonePaul,Rand,,Sen,R,KY,M,SenRandPaulPaul,Ronald,Ernest,Rep,R,TX,M,RepRonPaulPaulsen,Erik,,Rep,R,MN,M,Erik_PaulsenPearce,Stevan,E.,Rep,R,NM,M,RepStevePearcePelosi,Nancy,,Rep,D,CA,F,NancyPelosiPence,Mike,,Rep,R,IN,M,RepMikePencePerlmutter,Ed,,Rep,D,CO,M,RepPerlmutterPeters,Gary,C.,Rep,D,MI,M,RepGaryPetersPierluisi,Pedro,,Com,D,PR,M,pedropierluisiPingree,Chellie,M.,Rep,D,ME,F,chelliepingreePitts,Joseph,R.,Rep,R,PA,M,RepJoePittsPoe,Ted,,Rep,R,TX,M,JudgeTedPoePolis,Jared,,Rep,D,CO,M,jaredpolisPompeo,Michael,Richard,Rep,R,KS,M,mikepompeoPortman,Rob,,Sen,R,OH,M,robportmanPosey,Bill,,Rep,R,FL,M,congbillposeyPrice,Thomas,E.,Rep,R,GA,M,RepTomPriceQuayle,Ben,,Rep,R,AZ,M,benquayleQuigley,Mike,,Rep,D,IL,M,RepMikeQuigleyRangel,Charles,B.,Rep,D,NY,M,cbrangelReed,Thomas,,Rep,R,NY,M,tomreedcongressRehberg,Dennis,,Rep,R,MT,M,DennyRehbergReichert,David,George,Rep,R,WA,M,davereichertReid,Harry,M.,Sen,D,NV,M,SenatorReidRenacci,Jim,,Rep,R,OH,M,repjimrenacciReyes,Silvestre,,Rep,D,TX,M,silvestrereyesRibble,Reid,,Rep,R,WI,M,RepRibbleRichardson,Laura,,Rep,D,CA,F,replrichardsonRigell,Scott,,Rep,R,VA,M,repscottrigellRisch,James,E.,Sen,R,ID,M,jamesrischRivera,David,,Rep,R,FL,M,RepRiveraRoberts,Pat,,Sen,R,KS,M,senpatrobertsRoby,Martha,,Rep,R,AL,F,martharobyRoe,David,P.,Rep,R,TN,M,DrPhilRoeRogers,Michael,Dennis,Rep,R,AL,M,RepMikeRogersALRohrabacher,Dana,T.,Rep,R,CA,M,DanaRohrabacherRokita,Todd,,Rep,R,IN,M,ToddRokitaRooney,Tom,,Rep,R,FL,M,TomRooneyRoskam,Peter,J.,Rep,R,IL,M,PeterRoskamRos-Lehtinen,Ileana,,Rep,R,FL,F,RosLehtinenRoss,Dennis,,Rep,R,FL,M,RepDennisRossRoss,Mike,,Rep,D,AR,M,RepMikeRossRoyce,Edward,R.,Rep,R,CA,M,RepEdRoyceRyan,Paul,D.,Rep,R,WI,M,reppaulryanRyan,Timothy,J.,Rep,D,OH,M,timryanSanchez,Loretta,L.,Rep,D,CA,F,lorettasanchezSanders,Bernard,,Sen,I,VT,M,senatorsandersSchakowsky,Janice,D.,Rep,D,IL,F,janschakowskySchiff,Adam,B.,Rep,D,CA,M,RepAdamSchiffSchilling,Robert,T,Rep,R,IL,M,RepSchillingSchmidt,Jean,,Rep,R,OH,F,RepJeanSchmidtSchock,Aaron,,Rep,R,IL,M,repaaronschockSchrader,Kurt,,Rep,D,OR,M,repschraderSchumer,Charles,E.,Sen,D,NY,M,chuckschumerSchweikert,David,,Rep,R,AZ,M,RepDavidScott,David,,Rep,D,GA,M,repdavidscottScott,James,Austin,Rep,R,GA,M,AustinScottGA08Scott,Robert,C.,Rep,D,VA,M,repbobbyscottScott,Tim,,Rep,R,SC,M,RepTimScottSerrano,Jose,E.,Rep,D,NY,M,repjoseserranoSessions,Jefferson,B.,Sen,R,AL,M,SenatorSessionsSessions,Peter,A.,Rep,R,TX,M,petesessionsShaheen,Jeanne,,Sen,D,NH,F,JeanneShaheenSherman,Brad,J.,Rep,D,CA,M,BradShermanShimkus,John,M.,Rep,R,IL,M,RepShimkusShuster,Bill,,Rep,R,PA,M,RepBillShusterSimpson,Michael,K.,Rep,R,ID,M,CongMikeSimpsonSires,Albio,,Rep,D,NJ,M,Rep_Albio_SiresSlaughter,Louise,McIntosh,Rep,D,NY,F,louiseslaughterSmith,Adam,,Rep,D,WA,M,Rep_Adam_SmithSmith,Lamar,S.,Rep,R,TX,M,LamarSmithTX21Snowe,Olympia,Jean,Sen,R,ME,F,SenatorSnoweSoutherland,William,,Rep,R,FL,M,Rep_SoutherlandSpeier,K. Jacqueline,,Rep,D,CA,F,repspeierStabenow,Debbie,Ann,Sen,D,MI,F,StabenowPressStearns,Clifford,B.,Rep,R,FL,M,RepCliffStearnsStivers,Steven,,Rep,R,OH,M,RepSteveStiversStutzman,Marlin,,Rep,R,IN,M,marlinstutzmanSullivan,John,A.,Rep,R,OK,M,USRepSullivanTerry,Lee,R.,Rep,R,NE,M,LEETERRYNEThompson,Bennie,G.,Rep,D,MS,M,BennieGThompsonThompson,Glenn,W.,Rep,R,PA,M,CongressmanGTTipton,Scott,,Rep,R,CO,M,RepTiptonTonko,Paul,D.,Rep,D,NY,M,PaulTonkoToomey,Patrick,,Sen,R,PA,M,SenToomeyTowns,Edolphus,,Rep,D,NY,M,edtownsTsongas,Nicola,S.,Rep,D,MA,F,ntsongasUdall,Mark,E.,Sen,D,CO,M,MarkUdallUdall,Tom,S.,Sen,D,NM,M,SenatorTomUdallUpton,Frederick,Stephen,Rep,R,MI,M,RepFredUptonVisclosky,Peter,J.,Rep,D,IN,M,repviscloskyVitter,David,B.,Sen,R,LA,M,DavidVitterWalberg,Timothy,L.,Rep,R,MI,M,RepWalbergWalden,Greg,P.,Rep,R,OR,M,repgregwaldenWalsh,Joe,,Rep,R,IL,M,joewalsh8thWarner,Mark,R.,Sen,D,VA,M,MarkWarnerWaters,Maxine,,Rep,D,CA,F,MaxineWatersWeiner,Anthony,David,Rep,D,NY,M,repweinerWest,Allen,,Rep,R,FL,M,AllenWestWestmoreland,Lynn,A.,Rep,R,GA,M,repwestmorelandWicker,Roger,F.,Sen,R,MS,M,rogerwickerWilson,Addison,Graves,Rep,R,SC,M,CongJoeWilsonWilson,Frederica,,Rep,D,FL,F,RepWilsonWittman,Robert,J.,Rep,R,VA,M,RobWittmanWomack,Steve,,Rep,R,AR,M,Rep_SteveWomackWoolsey,Lynn,C.,Rep,D,CA,F,RepLynnWoolseyYoder,Kevin,,Rep,R,KS,M,KevinYoderYoung,Donald,E.,Rep,R,AK,M,repdonyoungYoung,Todd,,Rep,R,IN,M,RepToddYoung